gen,nevals,Avg,Std,Min,MinTotal,Max
0,100,540.0,0.0,540.0,648000.0,540.0
1,52,539.96,0.19595917942265423,539.0,646800.0,540.0
2,67,539.79,0.5156549233741494,537.0,644400.0,540.0
3,52,539.35,0.8046738469715542,537.0,644400.0,540.0
4,55,538.68,0.7984985911070851,537.0,644400.0,540.0
5,50,538.06,0.7592101158440923,537.0,644400.0,540.0
6,44,537.37,0.6878226515607058,535.0,642000.0,540.0
7,68,536.76,0.9393614852653903,534.0,640800.0,539.0
8,63,535.8,1.0295630140987,533.0,639600.0,539.0
9,62,534.88,1.193984924527944,532.0,638400.0,538.0
10,55,533.92,1.2544321424453377,531.0,637200.0,537.0
11,51,532.81,1.3393655214316966,528.0,633600.0,537.0
12,42,531.69,1.1635720862928949,528.0,633600.0,534.0
13,50,530.8,1.174734012447073,527.0,632400.0,534.0
14,64,529.93,1.457772273024837,526.0,631200.0,533.0
15,58,528.39,1.5867892109539945,523.0,627600.0,533.0
16,50,526.98,1.5746745695539763,523.0,627600.0,531.0
17,54,525.6,1.7378147196982767,521.0,625200.0,530.0
18,55,523.92,1.6104657711357913,520.0,624000.0,528.0
19,62,522.41,1.6857935816700693,515.0,618000.0,527.0
20,59,521.02,1.4695577566057076,515.0,618000.0,524.0
21,58,519.87,1.494356048604214,514.0,616800.0,524.0
22,60,518.45,1.7684739183827394,513.0,615600.0,522.0
23,58,516.9,1.6643316977093239,514.0,616800.0,521.0
24,48,515.23,1.6784218778364397,510.0,612000.0,519.0
25,46,514.06,1.5672906558772053,509.0,610800.0,518.0
26,64,512.79,1.518519015356739,509.0,610800.0,516.0
27,52,511.39,1.3482952198980758,507.0,608400.0,514.0
28,63,515.55,53.73236920144132,507.0,608400.0,1050.0
29,59,509.0,1.5033296378372907,506.0,607200.0,513.0
30,49,507.68,1.2480384609458155,505.0,606000.0,511.0
31,60,506.72,0.9173875952943773,504.0,604800.0,509.0
32,57,505.96,1.0575443253121828,503.0,603600.0,509.0
33,59,505.06,1.0660206376989145,503.0,603600.0,507.0
34,46,504.09,0.9390953093270139,501.0,601200.0,506.0
35,58,503.34,1.0219589032832974,501.0,601200.0,505.0
36,50,507.82,53.696253128128035,499.0,598800.0,1042.0
37,61,501.72,1.208966500776593,498.0,597600.0,505.0
38,65,500.82,1.1864231959971112,498.0,597600.0,503.0
39,57,499.72,1.1582745788456206,496.0,595200.0,503.0
40,47,498.61,1.3030349189488362,495.0,594000.0,502.0
41,56,497.54,1.3373107342723305,494.0,592800.0,501.0
42,60,501.93,53.902180846418446,491.0,589200.0,1038.0
43,49,495.1,1.4177446878757822,491.0,589200.0,499.0
44,55,493.96,1.4136477637657834,490.0,588000.0,497.0
45,54,492.26,1.5337535656030274,487.0,584400.0,495.0
46,60,490.8,1.6370705543744903,486.0,583200.0,495.0
47,66,489.44,1.3879481258317978,486.0,583200.0,492.0
48,46,488.22,1.21309521472966,485.0,582000.0,491.0
49,68,487.11,1.1652896635600953,484.0,580800.0,489.0
50,60,486.08,1.1285388783732708,483.0,579600.0,489.0
51,46,490.51,53.42592909814482,482.0,578400.0,1022.0
52,64,489.59,53.41948988899091,482.0,578400.0,1021.0
53,57,483.1,0.8306623862918074,481.0,577200.0,485.0
54,62,482.54,0.8991106717195608,480.0,576000.0,486.0
55,50,481.86,0.9488940931421168,480.0,576000.0,485.0
56,56,480.95,1.0523782589924593,477.0,572400.0,483.0
57,62,479.83,1.1229870880824944,477.0,572400.0,483.0
58,52,478.97,1.2996538000559996,476.0,571200.0,483.0
59,49,477.84,1.270590413941487,475.0,570000.0,481.0
60,52,476.92,1.1889491158161478,474.0,568800.0,481.0
61,64,475.95,1.291317157014496,473.0,567600.0,480.0
62,54,480.16,53.36454253528272,471.0,565200.0,1011.0
63,51,473.74,1.18,471.0,565200.0,476.0
64,56,472.55,1.3883443376914821,470.0,564000.0,475.0
65,48,471.35,1.2278029157808672,468.0,561600.0,474.0
66,58,475.66,53.6157103841775,467.0,560400.0,1009.0
67,52,469.3,1.2449899597988732,466.0,559200.0,472.0
68,43,468.22,1.2456323695216016,465.0,558000.0,471.0
69,58,467.03,1.187055179846329,463.0,555600.0,470.0
70,54,466.09,1.3198105924715107,462.0,554400.0,470.0
71,65,464.73,1.2794920867281674,461.0,553200.0,467.0
72,46,463.76,1.0781465577554845,461.0,553200.0,466.0
73,60,468.24,53.65670880700755,460.0,552000.0,1002.0
74,40,467.51,53.83242424413003,457.0,548400.0,1003.0
75,49,460.88,1.5892136420255147,456.0,547200.0,464.0
76,54,464.97,53.896095405882605,456.0,547200.0,1001.0
77,46,463.45,53.84410366976127,454.0,544800.0,999.0
78,63,456.73,1.1389029809426263,454.0,544800.0,460.0
79,57,455.88,0.9516301802696254,452.0,542400.0,458.0
80,58,455.23,1.1987910576910392,452.0,542400.0,458.0
81,51,454.25,1.1521718621802912,452.0,542400.0,457.0
82,57,453.28,1.407693148381422,450.0,540000.0,457.0
83,55,462.86,75.53012908766938,448.0,537600.0,992.0
84,56,450.99,1.090825375575761,448.0,537600.0,454.0
85,50,449.96,1.076289923765897,446.0,535200.0,452.0
86,56,449.16,0.9350935782048767,446.0,535200.0,451.0
87,51,448.37,1.2700787377166818,444.0,532800.0,452.0
88,61,452.58,53.636588258389445,442.0,530400.0,986.0
89,51,445.72,1.7267310155319502,441.0,529200.0,449.0
90,60,460.24,91.76939794942535,441.0,529200.0,983.0
91,55,442.99,1.2766753698571929,437.0,524400.0,446.0
92,58,441.95,1.2757350822173072,437.0,524400.0,445.0
93,59,440.84,1.5793669617919706,436.0,523200.0,444.0
94,52,444.87,53.50582304758987,435.0,522000.0,977.0
95,48,438.03,1.6760369924318497,434.0,520800.0,441.0
96,49,436.4,1.1832159566199232,433.0,519600.0,439.0
97,51,435.32,0.926066952223218,433.0,519600.0,437.0
98,51,434.55,0.9836157786453001,432.0,518400.0,438.0
99,50,433.74,0.9340235543068494,431.0,517200.0,436.0
100,58,438.45,53.83388802603802,431.0,517200.0,974.0
101,61,443.04,107.33982671869747,429.0,514800.0,1511.0
102,52,431.21,1.160129303138232,427.0,512400.0,434.0
103,59,430.31,1.2222520198387894,427.0,512400.0,433.0
104,73,429.26,1.3901079094804116,424.0,508800.0,433.0
105,55,428.05,1.4857657958103625,423.0,507600.0,431.0
106,69,426.6,1.4491376746189437,422.0,506400.0,430.0
107,43,425.19,1.5342424840943496,421.0,505200.0,428.0
108,49,423.91,1.3863260799682013,420.0,504000.0,426.0
109,50,422.57,1.2510395677195825,419.0,502800.0,426.0
110,63,421.46,1.2523577763562614,416.0,499200.0,424.0
111,48,420.57,1.4849579118614775,416.0,499200.0,424.0
112,54,424.74,53.62268549783757,414.0,496800.0,958.0
113,44,418.19,1.8422540541412844,413.0,495600.0,422.0
114,55,416.76,1.9085072700935672,411.0,493200.0,421.0
115,56,415.22,1.6886681142249356,409.0,490800.0,419.0
116,47,419.26,53.662951838302746,409.0,490800.0,953.0
117,66,412.47,1.5261389189716643,409.0,490800.0,415.0
118,59,416.7,53.81347414913852,408.0,489600.0,952.0
119,47,410.26,1.323782459469833,406.0,487200.0,413.0
120,56,414.53,53.929853513615264,406.0,487200.0,951.0
121,50,413.5,53.63198672434203,405.0,486000.0,947.0
122,60,406.97,1.2284543133547945,403.0,483600.0,410.0
123,56,406.21,1.4511719401917886,401.0,481200.0,410.0
124,57,410.34,53.753738474640066,401.0,481200.0,945.0
125,52,409.08,53.47946895772247,400.0,480000.0,941.0
126,61,402.29,1.5446358794227202,398.0,477600.0,406.0
127,51,400.87,1.2857293649909378,398.0,477600.0,404.0
128,59,405.27,53.352573508688415,397.0,476400.0,936.0
129,46,398.96,1.3705473359209452,394.0,472800.0,403.0
130,59,397.87,1.4328642643321106,393.0,471600.0,401.0
131,73,407.3,75.76140178217402,393.0,471600.0,938.0
132,51,395.02,1.6308280105516952,390.0,468000.0,398.0
133,56,393.68,1.4133647795243802,390.0,468000.0,397.0
134,59,392.72,1.4076931483814221,389.0,466800.0,397.0
135,47,396.93,53.6943674885923,387.0,464400.0,931.0
136,54,390.22,1.3234802605252562,386.0,463200.0,394.0
137,53,389.23,1.2558264211267418,386.0,463200.0,392.0
138,46,398.85,75.60256278724948,385.0,462000.0,929.0
139,59,403.18,92.12929827150536,385.0,462000.0,928.0
140,49,396.82,75.38970486744194,384.0,460800.0,925.0
141,48,385.22,0.7947326594522212,383.0,459600.0,387.0
142,46,384.49,0.8887631855561976,382.0,458400.0,387.0
143,59,389.07,53.57448179870712,379.0,454800.0,922.0
144,48,393.5,75.65203235868816,379.0,454800.0,924.0
145,58,381.78,1.4804053498957643,378.0,453600.0,385.0
146,50,380.48,1.459314907756376,376.0,451200.0,384.0
147,61,379.28,1.2967652061957862,375.0,450000.0,383.0
148,54,378.14,1.4354093492798494,374.0,448800.0,381.0
149,49,382.14,53.7711855922854,373.0,447600.0,917.0
150,53,375.62,1.1643023662262308,373.0,447600.0,378.0
151,60,374.47,0.8883130078975541,372.0,446400.0,376.0
152,55,373.74,0.8440379138403677,371.0,445200.0,376.0
153,46,373.09,0.8842510955605314,371.0,445200.0,375.0
154,57,383.26,75.68297298600261,369.0,442800.0,913.0
155,60,377.0,53.77787649210407,369.0,442800.0,912.0
156,58,376.18,53.76176708405333,367.0,440400.0,911.0
157,62,369.79,1.1772425408555365,367.0,440400.0,372.0
158,65,368.78,1.2375782803523987,366.0,439200.0,372.0
159,55,367.53,1.220286851523034,365.0,438000.0,371.0
160,55,366.5,1.1269427669584644,362.0,434400.0,369.0
161,53,365.43,1.0416813332300814,362.0,434400.0,367.0
162,55,364.56,1.3440238093129153,361.0,433200.0,369.0
163,53,363.32,1.1651609330903607,361.0,433200.0,366.0
164,53,362.27,1.2716524682475163,359.0,430800.0,366.0
165,64,361.37,1.5274488534808621,354.0,424800.0,368.0
166,64,360.18,1.5451860729374958,354.0,424800.0,363.0
167,60,358.82,1.7226723426119084,354.0,424800.0,363.0
168,63,362.45,53.75599966515366,353.0,423600.0,897.0
169,52,355.13,1.6532090007013638,350.0,420000.0,359.0
170,62,359.01,53.679883569173285,351.0,421200.0,893.0
171,62,363.59,75.78127671133551,348.0,417600.0,895.0
172,48,351.71,1.3288717018583849,348.0,417600.0,354.0
173,62,366.96,119.6039230125835,348.0,417600.0,1430.0
174,59,355.16,53.864221891715836,348.0,417600.0,891.0
175,51,354.0,53.47504090695023,346.0,415200.0,886.0
176,60,364.1,119.7171249237134,345.0,414000.0,1429.0
177,67,347.16,0.9971960689854328,343.0,411600.0,349.0
178,50,346.44,1.0131140113531154,343.0,411600.0,349.0
179,54,345.65,1.0712142642814275,343.0,411600.0,348.0
180,51,350.21,53.863957336979965,340.0,408000.0,886.0
181,57,354.5,75.58061920889509,340.0,408000.0,884.0
182,65,342.77,1.0849423947841654,339.0,406800.0,345.0
183,41,341.83,1.1229870880824944,339.0,406800.0,344.0
184,55,340.94,1.0938007131100256,338.0,405600.0,344.0
185,57,339.88,0.9303762679690404,336.0,403200.0,342.0
186,54,344.56,53.622816039443514,336.0,403200.0,878.0
187,61,338.24,1.1235657524150513,335.0,402000.0,340.0
188,58,348.28,75.32610171779763,334.0,400800.0,876.0
189,63,336.67,1.2653458025377882,333.0,399600.0,339.0
190,50,335.52,1.36,332.0,398400.0,340.0
191,74,345.29,75.54419832124769,331.0,397200.0,874.0
192,47,344.28,75.97105764697498,330.0,396000.0,877.0
193,53,337.93,53.78982338695675,329.0,394800.0,873.0
194,58,331.44,1.290891165048394,328.0,393600.0,335.0
195,56,335.69,53.51218459379134,327.0,392400.0,868.0
196,58,329.38,1.3695254652615994,326.0,391200.0,334.0
197,64,338.96,75.51674251449144,325.0,390000.0,868.0
198,61,327.08,1.222129289396175,324.0,388800.0,331.0
199,58,331.38,53.745098381154726,323.0,387600.0,866.0
200,65,330.47,53.73945570993441,321.0,385200.0,865.0
201,48,323.96,1.2076423311560422,321.0,385200.0,327.0
202,57,323.04,1.1482160075525858,321.0,385200.0,326.0
203,47,332.73,75.76237258692471,318.0,381600.0,863.0
204,62,321.01,1.2368912644206038,317.0,380400.0,324.0
205,59,325.34,53.74778507064268,316.0,379200.0,860.0
206,57,324.4,53.64885832895235,315.0,378000.0,858.0
207,60,317.76,1.3275541420220873,314.0,376800.0,321.0
208,73,316.84,1.4540976583434828,314.0,376800.0,320.0
209,50,320.65,53.820511889055815,312.0,374400.0,856.0
210,48,314.23,1.0085137579626764,312.0,374400.0,317.0
211,59,313.42,1.0117311895953391,311.0,373200.0,317.0
212,56,317.99,53.478125434611115,311.0,373200.0,850.0
213,59,311.64,1.0632027088001612,309.0,370800.0,314.0
214,69,316.08,53.87126878030627,308.0,369600.0,852.0
215,49,320.52,75.79003628446155,307.0,368400.0,852.0
216,60,314.14,53.56547768852623,305.0,366000.0,847.0
217,47,313.23,54.06215959430403,305.0,366000.0,851.0
218,57,312.17,53.87170964430218,304.0,364800.0,848.0
219,57,305.6,1.1575836902790222,302.0,362400.0,308.0
220,49,304.55,1.1863810517704672,301.0,361200.0,308.0
221,48,314.47,75.79755339059432,301.0,361200.0,845.0
222,60,308.24,53.75706837244755,300.0,360000.0,843.0
223,52,307.31,53.649733456933426,299.0,358800.0,841.0
224,53,306.26,53.55195981474442,299.0,358800.0,839.0
225,54,310.86,75.73982043812885,297.0,356400.0,842.0
226,49,304.62,53.71587847182619,295.0,354000.0,839.0
227,61,309.1,75.70924646303119,295.0,354000.0,839.0
228,58,302.62,53.72183541168339,295.0,354000.0,837.0
229,57,301.62,53.62196937823153,291.0,349200.0,835.0
230,55,300.49,53.73183320900192,291.0,349200.0,835.0
231,50,299.73,53.80759333030981,291.0,349200.0,835.0
232,50,298.73,53.61508276595309,290.0,348000.0,832.0
233,58,308.36,119.54961480490012,290.0,348000.0,1371.0
234,49,291.08,0.9765244492586963,289.0,346800.0,294.0
235,64,295.82,53.9952553471136,288.0,345600.0,833.0
236,57,289.77,0.8228608630868282,288.0,345600.0,292.0
237,49,289.04,0.6770524351924303,287.0,344400.0,290.0
238,51,288.38,0.8340263784797216,286.0,343200.0,290.0
239,52,287.63,0.8081460264085941,286.0,343200.0,289.0
240,51,297.74,75.68561554218873,284.0,340800.0,829.0
241,60,291.59,53.71817104109188,284.0,340800.0,826.0
242,48,290.9,53.685472895374595,283.0,339600.0,825.0
243,55,290.16,53.56056758474465,282.0,338400.0,823.0
244,56,289.27,53.653863793766064,281.0,337200.0,823.0
245,58,283.02,1.1311940593903416,280.0,336000.0,286.0
246,53,282.07,0.9301075206662937,279.0,334800.0,284.0
247,59,281.28,0.9064215354899728,279.0,334800.0,283.0
248,44,280.48,1.0047885349664376,278.0,333600.0,283.0
249,39,290.54,75.28577820544861,278.0,333600.0,818.0
250,60,278.97,1.0242558274181308,275.0,330000.0,281.0
251,60,283.59,53.72431386253341,275.0,330000.0,818.0
252,59,282.55,53.82868658995871,275.0,330000.0,818.0
253,57,281.5,53.635715712573464,272.0,326400.0,815.0
254,55,280.6,53.82230021097202,272.0,326400.0,816.0
255,68,285.07,75.57185388754203,272.0,326400.0,816.0
256,62,278.79,53.601920674543,269.0,322800.0,812.0
257,58,277.65,53.822741476071236,269.0,322800.0,813.0
258,54,271.03,1.2919365309487925,268.0,321600.0,275.0
259,63,270.05,1.2599603168354152,267.0,320400.0,274.0
260,47,269.01,1.1090085662428402,266.0,319200.0,272.0
261,41,279.01,75.57942775649998,265.0,318000.0,810.0
262,58,272.69,53.81295290169458,264.0,316800.0,808.0
263,56,266.14,1.1833849753989614,263.0,315600.0,269.0
264,60,276.02,75.65117051308592,261.0,313200.0,807.0
265,61,269.38,53.746214750436145,260.0,312000.0,804.0
266,55,262.81,1.293792873685738,259.0,310800.0,266.0
267,53,267.04,53.678472407474494,258.0,309600.0,801.0
268,66,260.49,1.2766753698571929,257.0,308400.0,264.0
269,63,264.77,53.50772934819792,256.0,307200.0,797.0
270,53,263.73,53.30738316593678,255.0,306000.0,794.0
271,51,257.74,1.0734989520255713,254.0,304800.0,261.0
272,51,278.6,130.54202388503103,254.0,304800.0,1337.0
273,62,256.26,1.1010903686800644,253.0,303600.0,259.0
274,40,255.22,1.0351811435686027,253.0,303600.0,257.0
275,54,270.51,92.24461989731435,252.0,302400.0,796.0
276,64,253.39,1.1738398527908311,251.0,301200.0,257.0
277,59,252.41,1.0497142468310126,249.0,298800.0,255.0
278,64,256.93,53.89420284223525,248.0,297600.0,793.0
279,56,261.21,75.69680244237533,248.0,297600.0,793.0
280,59,249.36,1.1534296684236973,247.0,296400.0,252.0
281,62,253.83,53.69507519316833,246.0,295200.0,788.0
282,58,253.04,53.77637399453406,243.0,291600.0,788.0
283,50,268.39,105.81558439095821,241.0,289200.0,788.0
284,47,245.89,1.384882666510055,241.0,289200.0,249.0
285,62,255.49,75.23011298675551,240.0,288000.0,783.0
286,64,248.91,53.90066697175463,239.0,286800.0,785.0
287,69,247.6,53.829917332279074,238.0,285600.0,783.0
288,55,246.39,53.64529709117099,238.0,285600.0,780.0
289,46,240.12,1.1685888926393233,237.0,284400.0,242.0
290,57,255.42,92.3767481566655,237.0,284400.0,782.0
291,57,238.33,0.7490660852021002,236.0,283200.0,241.0
292,60,248.51,75.57387048444721,235.0,282000.0,778.0
293,57,242.49,53.62508648011674,234.0,280800.0,776.0
294,69,247.33,75.67232717446979,234.0,280800.0,778.0
295,65,257.4,105.9657491834036,233.0,279600.0,778.0
296,57,234.85,1.107925990308017,232.0,278400.0,237.0
297,62,239.18,53.560130694388704,232.0,278400.0,772.0
298,56,232.98,0.8942035562443263,231.0,277200.0,235.0
299,47,237.6,53.718897978272025,228.0,273600.0,772.0
300,47,236.72,53.6078501714068,227.0,272400.0,770.0
301,55,230.19,1.2782409788455382,226.0,271200.0,233.0
302,55,229.24,1.2893409169028958,226.0,271200.0,232.0
303,50,239.11,75.63886500999337,224.0,268800.0,769.0
304,46,227.0,1.3341664064126333,224.0,268800.0,231.0
305,64,236.69,76.12564548166407,223.0,267600.0,771.0
306,48,224.7,1.161895003862225,222.0,266400.0,227.0
307,68,229.19,53.65979780058809,221.0,265200.0,763.0
308,54,239.01,92.21567057718552,220.0,264000.0,764.0
309,55,222.02,1.0293687385966217,219.0,262800.0,224.0
310,58,226.52,54.02637874224035,218.0,261600.0,764.0
311,55,220.52,0.8885943956609225,218.0,261600.0,223.0
312,63,219.72,1.2006664815842907,216.0,259200.0,223.0
313,53,224.21,53.96615513449146,214.0,256800.0,761.0
314,43,223.01,53.78763705536803,214.0,256800.0,758.0
315,44,232.64,91.93307565832878,212.0,254400.0,758.0
316,62,231.8,92.1422812828074,212.0,254400.0,758.0
317,58,214.63,1.5076803374721048,210.0,252000.0,221.0
318,52,213.55,1.4517231140957976,209.0,250800.0,217.0
319,57,217.7,53.82610890636625,207.0,248400.0,753.0
320,52,222.03,76.0059806857329,208.0,249600.0,755.0
321,49,209.93,1.3360763451240352,207.0,248400.0,215.0
322,52,208.9,1.2767145334803702,205.0,246000.0,212.0
323,49,207.78,1.5138031576133006,204.0,244800.0,212.0
324,68,211.94,53.59231661348482,204.0,244800.0,745.0
325,52,210.84,53.69426785048848,203.0,243600.0,745.0
326,59,210.07,53.667728664440446,202.0,242400.0,744.0
327,57,203.89,1.0573079021741967,201.0,241200.0,206.0
328,58,208.49,53.6321722476351,200.0,240000.0,742.0
329,61,202.01,1.2609123680890755,199.0,238800.0,204.0
330,60,206.27,54.25400538209137,198.0,237600.0,746.0
331,57,200.13,0.9659710140578753,197.0,236400.0,203.0
332,60,210.15,75.62967340931735,197.0,236400.0,740.0
333,57,209.29,75.68147659764574,195.0,234000.0,740.0
334,59,208.29,75.7531906918778,195.0,234000.0,739.0
335,59,196.48,1.0998181667894016,193.0,231600.0,199.0
336,51,195.45,1.0428326807307104,193.0,231600.0,198.0
337,53,199.91,53.88600838807789,192.0,230400.0,736.0
338,54,204.59,75.4912041233944,192.0,230400.0,734.0
339,56,204.07,75.49480180780661,192.0,230400.0,733.0
340,57,208.8,92.19251596523442,189.0,226800.0,734.0
341,50,191.76,1.184229707446997,189.0,226800.0,195.0
342,67,190.87,1.2054459755625717,188.0,225600.0,194.0
343,50,195.34,53.75131998379203,186.0,223200.0,730.0
344,52,189.05,1.1434596626029272,187.0,224400.0,192.0
345,58,188.04,1.0575443253121828,184.0,220800.0,191.0
346,60,192.71,53.808046795995104,184.0,220800.0,728.0
347,54,191.87,53.79454526250779,182.0,218400.0,727.0
348,63,201.64,92.04982563807496,180.0,216000.0,727.0
349,49,195.36,75.5325784016407,180.0,216000.0,724.0
350,59,188.76,53.8091293369443,180.0,216000.0,724.0
351,61,182.36,0.9541488353501252,180.0,216000.0,185.0
352,46,192.33,75.4592678204606,179.0,214800.0,723.0
353,52,191.66,75.69692464030489,179.0,214800.0,723.0
354,71,185.47,53.82832990164196,178.0,213600.0,721.0
355,62,190.18,75.54884247955093,177.0,212400.0,719.0
356,60,178.97,0.6075360071633615,176.0,211200.0,180.0
357,66,178.38,0.8692525524840291,176.0,211200.0,180.0
358,62,182.95,53.78278070163348,176.0,211200.0,718.0
359,51,176.77,0.7855571271397136,175.0,210000.0,179.0
360,38,176.15,0.6837397165588672,174.0,208800.0,178.0
361,47,197.28,105.93715873101375,173.0,207600.0,718.0
362,54,185.92,75.73238144941699,172.0,206400.0,717.0
363,53,179.81,53.99827682435803,172.0,206400.0,717.0
364,62,173.6,0.9486832980505139,171.0,205200.0,175.0
365,66,178.22,53.65604905320553,171.0,205200.0,712.0
366,52,177.37,53.94064423048727,170.0,204000.0,714.0
367,55,171.24,0.7227724399837061,169.0,202800.0,174.0
368,64,176.15,53.75972005135444,169.0,202800.0,711.0
369,60,181.03,75.71478785547777,168.0,201600.0,712.0
370,66,191.11,106.12567031590426,166.0,199200.0,713.0
371,55,168.84,0.8333066662399864,166.0,199200.0,171.0
372,59,168.07,0.8031811750782012,166.0,199200.0,170.0
373,57,172.81,53.693890713935055,166.0,199200.0,707.0
374,50,172.24,53.85092756861298,164.0,196800.0,708.0
375,47,171.62,53.81371200725703,163.0,195600.0,707.0
376,46,176.45,75.65717084321881,163.0,195600.0,706.0
377,40,170.39,53.84271445608958,162.0,194400.0,706.0
378,60,174.78,75.60840958517775,161.0,193200.0,705.0
379,41,163.39,0.7469270379361025,161.0,193200.0,165.0
380,66,168.29,53.84501741108457,161.0,193200.0,704.0
381,61,184.03,106.08953341399895,161.0,193200.0,705.0
382,57,172.74,107.56789669785312,160.0,192000.0,1243.0
383,58,172.19,75.7620874844404,160.0,192000.0,704.0
384,54,160.81,0.7442445834535849,159.0,190800.0,163.0
385,60,171.15,75.69694511669543,158.0,189600.0,702.0
386,54,159.67,0.8373171442171717,158.0,189600.0,161.0
387,51,158.95,0.9205976319760985,156.0,187200.0,161.0
388,62,158.16,1.1199999999999999,156.0,187200.0,161.0
389,58,162.81,53.80421823611975,153.0,183600.0,698.0
390,47,167.17,75.70218689047235,153.0,183600.0,699.0
391,50,160.68,53.619004093697974,151.0,181200.0,694.0
392,51,159.58,53.832737251601834,151.0,181200.0,695.0
393,48,164.02,75.36444519798445,151.0,181200.0,692.0
394,59,163.02,75.71815898448668,150.0,180000.0,693.0
395,61,156.76,53.597783536262014,150.0,180000.0,690.0
396,64,156.27,54.15013481054318,148.0,177600.0,695.0
397,54,166.37,119.5457782608821,148.0,177600.0,1229.0
398,49,154.95,53.78092133833335,148.0,177600.0,690.0
399,65,148.87,0.7437069315261221,148.0,177600.0,150.0
400,47,148.32,0.6144916598294887,147.0,176400.0,151.0
401,67,158.73,75.46864978254216,147.0,176400.0,689.0
402,63,153.08,53.965855872023376,146.0,175200.0,690.0
403,57,152.65,54.01173483605204,146.0,175200.0,690.0
404,58,157.54,75.85438945769718,145.0,174000.0,689.0
405,57,162.45,92.07501018191637,144.0,172800.0,687.0
406,56,156.81,107.7606324220492,144.0,172800.0,1229.0
407,49,150.96,53.776745903782604,144.0,172800.0,686.0
408,63,145.0,0.6324555320336759,143.0,171600.0,147.0
409,57,155.47,75.93529548240396,143.0,171600.0,687.0
410,63,149.64,53.710058648264386,142.0,170400.0,684.0
411,66,154.58,75.42097586215654,141.0,169200.0,683.0
412,53,148.71,53.50500817680528,139.0,166800.0,681.0
413,49,142.61,1.139254141971843,139.0,166800.0,145.0
414,54,147.11,53.57124135205381,138.0,165600.0,680.0
415,55,151.62,75.7067738052547,137.0,164400.0,682.0
416,63,145.3,53.75267435207296,136.0,163200.0,680.0
417,57,149.65,75.98991709430929,134.0,160800.0,682.0
418,59,143.23,53.86294737572386,134.0,160800.0,679.0
419,53,158.28,105.99208272319213,134.0,160800.0,680.0
420,63,146.71,75.83459566714915,133.0,159600.0,678.0
421,55,140.58,54.023176507865585,133.0,159600.0,678.0
422,63,139.79,54.09811364548675,133.0,159600.0,678.0
423,61,133.75,0.7664854858377946,132.0,158400.0,136.0
424,49,133.09,0.7224264668462805,131.0,157200.0,135.0
425,52,132.63,0.783007024234138,131.0,157200.0,135.0
426,54,131.93,0.7649182962905255,130.0,156000.0,134.0
427,48,142.18,75.6923219355834,130.0,156000.0,673.0
428,60,136.28,53.94702586797532,129.0,154800.0,673.0
429,51,130.32,0.8109253973085316,128.0,153600.0,133.0
430,63,145.98,92.3340652197227,128.0,153600.0,672.0
431,54,129.31,0.6276145313805283,128.0,153600.0,131.0
432,63,139.65,75.69509561391676,128.0,153600.0,670.0
433,49,150.19,131.22855596248857,127.0,152400.0,1215.0
434,59,138.92,75.94256777328509,126.0,151200.0,672.0
435,48,127.6,0.7615773105863908,125.0,150000.0,129.0
436,42,132.45,53.731438655595284,124.0,148800.0,667.0
437,51,148.0,130.63996325780255,124.0,148800.0,1206.0
438,62,131.22,53.9536059962631,124.0,148800.0,668.0
439,62,130.55,53.720084698369575,122.0,146400.0,665.0
440,54,129.84,53.69501280379772,118.0,141600.0,664.0
441,53,129.33,53.9442406564408,122.0,146400.0,666.0
442,60,134.1,107.63628570328873,119.0,142800.0,1205.0
443,44,127.85,53.69420359778138,119.0,142800.0,662.0
444,57,138.09,161.8069278492117,118.0,141600.0,1748.0
445,44,136.92,92.52650214938421,117.0,140400.0,664.0
446,59,130.45,75.8022921817012,117.0,140400.0,662.0
447,57,118.58,1.0693923508235879,115.0,138000.0,122.0
448,46,128.5,75.50927095396962,114.0,136800.0,657.0
449,53,138.53,130.8026341477877,114.0,136800.0,1198.0
450,53,121.37,53.84062685370592,114.0,136800.0,657.0
451,61,147.6,149.43513643049283,113.0,135600.0,1196.0
452,65,136.12,130.45568442961772,112.0,134400.0,1194.0
453,44,119.29,53.644998834933354,112.0,134400.0,653.0
454,61,124.19,75.7631434141958,111.0,133200.0,656.0
455,41,117.94,53.882802451245986,111.0,133200.0,654.0
456,52,111.84,0.88,110.0,132000.0,114.0
457,47,132.76,105.83904005611538,109.0,130800.0,652.0
458,57,127.05,92.14839933498575,109.0,130800.0,653.0
459,48,132.01,106.09509837876581,108.0,129600.0,654.0
460,53,109.67,0.8950418984606252,108.0,129600.0,112.0
461,62,119.79,107.56507751124434,107.0,128400.0,1190.0
462,57,119.05,75.71160743241423,106.0,127200.0,650.0
463,42,113.16,53.45703321360063,106.0,127200.0,645.0
464,42,118.15,107.52649673452586,106.0,127200.0,1188.0
465,60,106.81,0.6884039511798288,105.0,126000.0,108.0
466,57,117.1,75.84596231837263,105.0,126000.0,648.0
467,44,122.08,92.43394181792745,104.0,124800.0,649.0
468,48,116.22,75.75956441268653,103.0,123600.0,648.0
469,60,110.28,53.745154200169516,103.0,123600.0,645.0
470,59,115.25,75.82590256633942,103.0,123600.0,648.0
471,53,114.68,76.12002101944007,102.0,122400.0,648.0
472,67,124.97,106.00089197737911,101.0,121200.0,646.0
473,51,108.23,53.751624161507905,101.0,121200.0,643.0
474,48,107.71,53.90293034705997,101.0,121200.0,644.0
475,60,107.22,53.751945081085175,100.0,120000.0,642.0
476,63,112.14,75.62764309430777,99.0,118800.0,642.0
477,57,100.71,0.7911384202527394,99.0,118800.0,103.0
478,40,100.18,0.7922120928135344,99.0,118800.0,102.0
479,47,99.63,0.7570336848516056,98.0,117600.0,102.0
480,48,99.05,0.7921489758877429,97.0,116400.0,101.0
481,52,103.91,53.88489491499452,96.0,115200.0,640.0
482,61,103.34,53.94556886343863,95.0,114000.0,640.0
483,56,102.55,53.72250459537418,94.0,112800.0,637.0
484,52,96.45,0.9313968005098577,94.0,112800.0,99.0
485,45,101.15,54.06262572239717,94.0,112800.0,639.0
486,53,95.06,0.7592101158440923,93.0,111600.0,98.0
487,51,100.05,53.96857882138458,93.0,111600.0,637.0
488,52,110.43,92.37177653374432,93.0,111600.0,636.0
489,38,109.97,92.51221054541936,91.0,109200.0,637.0
490,65,114.8,130.839520023577,90.0,108000.0,1176.0
491,51,97.79,53.79893958062742,90.0,108000.0,633.0
492,63,91.65,1.0136567466356647,90.0,108000.0,94.0
493,56,90.85,0.8046738469715541,89.0,106800.0,92.0
494,57,101.01,75.71743458411676,88.0,105600.0,632.0
495,64,89.69,0.7961783719745218,88.0,105600.0,92.0
496,53,99.97,76.00861201206085,87.0,104400.0,633.0
497,57,104.73,120.08362544493733,86.0,103200.0,1172.0
498,58,93.12,53.96578175103182,85.0,102000.0,630.0
499,55,103.36,92.62165189630338,85.0,102000.0,631.0
500,55,86.38,0.7846018098373213,84.0,100800.0,89.0
501,53,96.58,76.27846091787642,83.0,99600.0,631.0
502,51,90.56,53.720074460112215,83.0,99600.0,625.0
503,55,127.95,182.42271651304833,82.0,98400.0,1167.0
504,63,89.32,53.84661177827255,81.0,97200.0,625.0
505,53,88.56,54.024127942984904,80.0,96000.0,626.0
506,58,98.78,92.48876472307327,80.0,96000.0,626.0
507,55,92.62,75.9894440037562,79.0,94800.0,625.0
508,57,91.78,75.96441008788261,79.0,94800.0,624.0
509,55,85.72,53.60169400308166,79.0,94800.0,619.0
510,68,96.17,92.47821959791396,78.0,93600.0,623.0
511,51,90.33,76.17073650687645,78.0,93600.0,624.0
512,55,78.94,0.6296030495478878,77.0,92400.0,81.0
513,57,78.55,0.7794228634059946,77.0,92400.0,81.0
514,52,77.97,0.8883130078975541,76.0,91200.0,81.0
515,57,93.59,92.63769157313884,75.0,90000.0,622.0
516,57,76.83,0.7218725649309579,74.0,88800.0,78.0
517,53,81.76,54.00039259116548,74.0,88800.0,619.0
518,63,75.73,0.798185442112295,73.0,87600.0,78.0
519,49,80.6,53.71685024273107,73.0,87600.0,615.0
520,57,74.51,0.9433451118228154,72.0,86400.0,76.0
521,52,79.18,53.66085724250033,71.0,85200.0,613.0
522,51,83.95,107.84891051837289,71.0,85200.0,1157.0
523,53,88.77,92.49041626028072,71.0,85200.0,616.0
524,59,77.23,53.851992535095675,70.0,84000.0,613.0
525,59,71.22,0.54,70.0,84000.0,73.0
526,60,81.74,75.46755859308023,70.0,84000.0,611.0
527,51,81.53,75.92607654817942,70.0,84000.0,614.0
528,66,70.31,0.5778408085277467,69.0,82800.0,72.0
529,63,75.42,53.93017337261211,69.0,82800.0,612.0
530,49,75.13,53.96158911670411,68.0,81600.0,612.0
531,45,80.15,75.90946910629795,68.0,81600.0,612.0
532,62,90.66,106.06292660491695,67.0,80400.0,611.0
533,45,68.58,0.5861740355901137,67.0,80400.0,69.0
534,69,73.58,53.81768854196545,67.0,80400.0,609.0
535,49,83.87,92.41208308441058,67.0,80400.0,611.0
536,55,67.18,0.5173006862551026,66.0,79200.0,69.0
537,55,83.21,92.35185921247063,64.0,76800.0,609.0
538,52,88.35,106.17912930515112,64.0,76800.0,613.0
539,63,71.4,53.637486891165956,64.0,76800.0,605.0
540,61,65.11,0.8472897969408106,63.0,75600.0,67.0
541,51,64.58,0.7096477999684068,63.0,75600.0,66.0
542,67,74.86,75.87938059842081,62.0,74400.0,606.0
543,61,74.48,75.93398185265936,62.0,74400.0,607.0
544,52,68.64,53.91076330381531,61.0,73200.0,605.0
545,44,68.12,54.06334802803096,61.0,73200.0,606.0
546,59,78.41,92.43452763983815,60.0,72000.0,605.0
547,54,72.53,75.92805212831422,60.0,72000.0,607.0
548,64,66.64,54.111462741271374,60.0,72000.0,605.0
549,56,66.3,54.2467510547867,60.0,72000.0,606.0
550,52,60.29,0.6048966853934644,59.0,70800.0,62.0
551,58,65.29,54.04485081855625,58.0,69600.0,603.0
552,53,64.94,53.78081814178734,58.0,69600.0,600.0
553,64,64.41,53.83365025706505,57.0,68400.0,600.0
554,47,80.22,106.35831702316469,57.0,68400.0,603.0
555,49,74.36,120.40386372538049,56.0,67200.0,1144.0
556,47,79.28,106.19190929633014,56.0,67200.0,600.0
557,48,62.52,54.02267672005895,55.0,66000.0,600.0
558,50,62.1,53.76383542865967,55.0,66000.0,597.0
559,51,56.3,0.7810249675906653,55.0,66000.0,58.0
560,60,55.76,0.7499333303701069,55.0,66000.0,58.0
561,54,66.04,76.06667075664612,55.0,66000.0,599.0
562,49,76.74,106.19855177920273,54.0,64800.0,599.0
563,64,60.47,53.925217662982156,54.0,64800.0,597.0
564,58,71.18,119.88497654001519,54.0,64800.0,1137.0
565,57,71.04,119.94973280503797,54.0,64800.0,1137.0
566,55,65.34,75.5983095049089,54.0,64800.0,595.0
567,50,64.97,75.79148435015638,53.0,63600.0,597.0
568,44,59.39,54.03256332990316,53.0,63600.0,597.0
569,52,70.06,92.37757520091118,53.0,63600.0,596.0
570,57,64.42,75.87175759134621,52.0,62400.0,596.0
571,59,63.99,76.07476519845457,52.0,62400.0,597.0
572,50,58.27,54.04680471591266,51.0,61200.0,596.0
573,53,74.14,106.21986819799766,51.0,61200.0,597.0
574,62,52.12,0.5344155686354954,51.0,61200.0,54.0
575,59,68.06,119.99215140999851,50.0,60000.0,1135.0
576,49,51.5,0.8306623862918074,50.0,60000.0,57.0
577,55,61.86,75.95077616456595,50.0,60000.0,595.0
578,60,72.2,106.05451428392853,49.0,58800.0,593.0
579,62,55.44,53.931126448462045,49.0,58800.0,592.0
580,51,54.96,53.97812890421451,48.0,57600.0,592.0
581,42,59.94,75.86775599686601,48.0,57600.0,592.0
582,49,59.76,76.25091737153069,48.0,57600.0,595.0
583,56,53.97,53.87698117006927,47.0,56400.0,590.0
584,53,53.58,54.117128526927594,46.0,55200.0,592.0
585,49,58.63,75.91451178793157,46.0,55200.0,590.0
586,57,68.88,106.07009757702687,46.0,55200.0,590.0
587,60,68.44,106.36280552900058,46.0,55200.0,592.0
588,52,62.57,120.32948558021849,45.0,54000.0,1132.0
589,58,56.83,75.74114535706467,45.0,54000.0,587.0
590,64,51.12,54.063163059517706,44.0,52800.0,589.0
591,47,56.07,75.6350785019755,44.0,52800.0,586.0
592,54,50.39,53.732093761549976,44.0,52800.0,585.0
593,55,55.56,107.8860806591842,44.0,52800.0,1129.0
594,67,49.91,54.28390092835997,44.0,52800.0,590.0
595,63,55.03,75.99742824596109,43.0,51600.0,589.0
596,57,49.43,53.928518429491454,43.0,51600.0,586.0
597,57,60.09,92.25519985345,42.0,50400.0,587.0
598,57,43.63,0.6427285585688565,41.0,49200.0,45.0
599,59,43.25,0.7123903424387503,40.0,48000.0,44.0
600,63,53.57,75.78050606851342,41.0,49200.0,584.0
601,52,42.18,0.8170679286326198,40.0,48000.0,44.0
602,60,52.39,76.02011510120201,40.0,48000.0,585.0
603,63,73.37,168.37723450633106,39.0,46800.0,1126.0
604,68,51.24,108.02010183294587,39.0,46800.0,1126.0
605,52,45.3,54.044518685987036,39.0,46800.0,583.0
606,54,50.29,75.96081818937972,38.0,45600.0,583.0
607,43,49.99,75.86178155039596,38.0,45600.0,581.0
608,52,49.55,107.48575487012224,37.0,44400.0,1119.0
609,49,38.34,0.62,37.0,44400.0,40.0
610,52,37.91,0.5673623181001713,36.0,43200.0,39.0
611,50,37.61,0.7196526940128828,36.0,43200.0,41.0
612,68,47.94,75.86815142073779,36.0,43200.0,579.0
613,56,58.44,130.85559369014376,35.0,42000.0,1120.0
614,55,52.72,92.32162043638529,35.0,42000.0,578.0
615,58,46.92,75.6566824543609,35.0,42000.0,577.0
616,41,46.67,76.40655142067334,35.0,42000.0,582.0
617,58,51.68,92.7381129848996,34.0,40800.0,580.0
618,56,40.53,53.920766871401234,34.0,40800.0,577.0
619,49,40.24,54.048888980255676,33.0,39600.0,578.0
620,63,45.48,76.07647205279697,33.0,39600.0,578.0
621,47,39.53,53.8194119254382,33.0,39600.0,575.0
622,55,33.84,0.5953150426454886,33.0,39600.0,37.0
623,52,38.84,53.68737654234932,33.0,39600.0,573.0
624,65,38.59,53.91346677779124,32.0,38400.0,575.0
625,62,49.33,92.5050328360571,32.0,38400.0,576.0
626,52,49.27,92.28237697415472,32.0,38400.0,575.0
627,53,54.65,131.02735401434308,32.0,38400.0,1117.0
628,59,43.59,75.84709552777878,32.0,38400.0,575.0
629,60,32.37,0.6269768735766893,32.0,38400.0,36.0
630,46,48.37,92.49882756013722,31.0,37200.0,575.0
631,58,37.41,53.92997218616008,31.0,37200.0,574.0
632,55,31.93,0.43023249528597907,31.0,37200.0,34.0
633,38,42.59,75.91773113048096,31.0,37200.0,574.0
634,52,36.79,53.9948692006935,30.0,36000.0,574.0
635,45,30.97,0.4990991885387113,30.0,36000.0,33.0
636,54,36.0,53.872441934629244,30.0,36000.0,572.0
637,57,35.65,53.70686641389534,30.0,36000.0,570.0
638,58,46.27,92.51549653976896,29.0,34800.0,573.0
639,49,29.95,0.3570714214271425,29.0,34800.0,32.0
640,50,40.69,75.97482411957267,28.0,33600.0,573.0
641,51,51.17,106.1122099477718,28.0,33600.0,573.0
642,47,39.73,75.82688903021143,28.0,33600.0,571.0
643,58,28.52,0.5912698199637794,28.0,33600.0,30.0
644,55,33.65,53.907953958576456,27.0,32400.0,570.0
645,66,44.38,92.79027750793723,27.0,32400.0,573.0
646,50,28.0,0.4,27.0,32400.0,31.0
647,51,38.75,107.66599973993647,27.0,32400.0,1110.0
648,64,38.42,76.08550190410787,26.0,31200.0,572.0
649,58,43.44,119.9866092528662,26.0,31200.0,1110.0
650,47,32.27,54.147179981971355,26.0,31200.0,571.0
651,60,31.85,53.98840153218098,25.0,30000.0,569.0
652,44,31.53,54.12198351871447,25.0,30000.0,570.0
653,59,42.09,92.54891625513503,24.0,28800.0,571.0
654,62,47.09,130.7496917778394,23.0,27600.0,1108.0
655,54,30.32,53.94550583690914,23.0,27600.0,567.0
656,55,40.49,92.47934850549066,23.0,27600.0,567.0
657,64,23.66,0.7378346698278687,23.0,27600.0,26.0
658,44,34.03,75.9258131336109,22.0,26400.0,566.0
659,56,22.99,0.49989998999799945,22.0,26400.0,26.0
660,64,33.84,76.30959572688089,22.0,26400.0,569.0
661,58,38.98,119.95782425502719,21.0,25200.0,1105.0
662,46,44.21,106.66539223196995,21.0,25200.0,570.0
663,50,49.07,140.74567524439252,21.0,25200.0,1106.0
664,43,27.12,53.96096366819258,21.0,25200.0,564.0
665,52,43.15,106.42296509682485,20.0,24000.0,568.0
666,64,21.09,0.5673623181001712,20.0,24000.0,23.0
667,75,37.16,92.3610004276697,20.0,24000.0,563.0
668,59,31.35,75.95200787339333,20.0,24000.0,563.0
669,64,30.92,75.94046088877785,20.0,24000.0,563.0
670,64,30.85,75.95003291638523,20.0,24000.0,563.0
671,62,25.5,54.12236136755306,19.0,22800.0,564.0
672,48,25.44,54.128609810339675,19.0,22800.0,564.0
673,57,19.98,0.4894895300208167,19.0,22800.0,22.0
674,61,30.57,76.06303372861221,19.0,22800.0,564.0
675,61,19.34,0.5141984052872977,18.0,21600.0,20.0
676,63,29.85,75.95148122321248,18.0,21600.0,562.0
677,62,29.66,75.97949986674038,18.0,21600.0,562.0
678,34,29.28,75.81874174635186,18.0,21600.0,560.0
679,62,23.49,53.92188702187639,18.0,21600.0,560.0
680,69,50.62,128.98850956577485,17.0,20400.0,565.0
681,62,34.28,120.09688422269747,17.0,20400.0,1102.0
682,69,28.85,75.87903201807462,17.0,20400.0,560.0
683,62,23.35,54.036908682862304,17.0,20400.0,561.0
684,58,23.18,53.954866323622774,16.0,19200.0,560.0
685,51,44.46,177.5916338119563,16.0,19200.0,1642.0
686,46,38.71,131.3070672126981,16.0,19200.0,1103.0
687,49,27.75,107.9679003222717,16.0,19200.0,1102.0
688,56,32.73,92.49495715983655,15.0,18000.0,560.0
689,52,16.19,0.8566796367370944,15.0,18000.0,21.0
690,55,15.82,0.6063002556489647,15.0,18000.0,19.0
691,51,20.9,53.983608623359004,15.0,18000.0,558.0
692,58,36.88,106.47659648955727,14.0,16800.0,560.0
693,55,25.86,75.94919617744483,14.0,16800.0,558.0
694,55,20.31,53.8408200160436,13.0,15600.0,556.0
695,61,25.4,75.80250655486267,13.0,15600.0,557.0
696,57,14.16,0.6590902821313631,13.0,15600.0,15.0
697,53,24.58,76.27754322210437,12.0,14400.0,560.0
698,67,34.93,130.8989881549892,12.0,14400.0,1097.0
699,55,18.4,54.13501639419719,11.0,13200.0,557.0
700,44,12.45,0.7123903424387503,11.0,13200.0,15.0
701,57,28.34,92.56383959192705,11.0,13200.0,556.0
702,56,17.15,53.96005467009834,10.0,12000.0,554.0
703,53,43.82,128.68631473470674,9.0,10800.0,555.0
704,57,27.09,92.66607739620792,9.0,10800.0,554.0
705,64,15.76,53.69732209337817,9.0,10800.0,550.0
706,49,15.31,54.04288944902929,9.0,10800.0,553.0
707,50,14.89,53.98442275323503,9.0,10800.0,552.0
708,56,9.12,0.3815756805667783,9.0,10800.0,11.0
709,48,25.3,92.51016160400975,9.0,10800.0,552.0
710,46,36.22,118.09992209988961,9.0,10800.0,552.0
711,60,19.97,76.00584911702518,9.0,10800.0,553.0
712,60,19.88,75.87493393736827,9.0,10800.0,551.0
713,51,14.5,53.923000658346155,9.0,10800.0,551.0
714,65,9.1,0.4358898943540674,9.0,10800.0,12.0
715,47,25.35,120.31337207476152,9.0,10800.0,1095.0
716,54,14.47,54.12457020614578,9.0,10800.0,553.0
717,42,14.42,53.928319091178814,9.0,10800.0,551.0
718,56,14.45,54.0259891163503,9.0,10800.0,552.0
719,51,19.93,75.93961482651859,9.0,10800.0,552.0
720,53,30.74,106.09652397698994,9.0,10800.0,551.0
721,46,14.53,54.11995103471548,9.0,10800.0,553.0
722,53,30.77,106.19245312167904,9.0,10800.0,552.0
723,61,30.75,131.1346922061435,9.0,10800.0,1095.0
724,46,14.47,54.12475496480333,9.0,10800.0,553.0
725,53,14.45,53.925573710439096,9.0,10800.0,551.0
726,63,19.91,76.0133008097925,9.0,10800.0,552.0
727,57,14.44,54.0269044088221,9.0,10800.0,552.0
728,59,30.68,170.11442502033745,8.0,9600.0,1636.0
729,48,30.67,106.21233967858915,8.0,9600.0,552.0
730,67,14.39,53.932530999388455,8.0,9600.0,551.0
731,59,25.08,92.60817242554785,8.0,9600.0,552.0
732,54,30.15,106.37051988215532,8.0,9600.0,553.0
733,51,8.1,0.3605551275463989,7.0,8400.0,9.0
734,57,13.44,53.8279332688893,7.0,8400.0,549.0
735,56,18.77,75.96339315749395,7.0,8400.0,551.0
736,48,13.14,54.26103942977872,6.0,7200.0,553.0
737,55,12.75,53.89756488005743,7.0,8400.0,549.0
738,59,23.38,120.21986358335297,6.0,7200.0,1092.0
739,56,34.08,141.01323909477432,6.0,7200.0,1093.0
740,57,6.64,0.6086049621881175,6.0,7200.0,9.0
741,54,11.59,53.81209808212277,6.0,7200.0,547.0
742,60,11.51,53.92077428969283,6.0,7200.0,548.0
743,49,11.55,53.91797010274032,6.0,7200.0,548.0
744,62,27.71,106.25509823062613,6.0,7200.0,549.0
745,55,11.48,54.02323203955868,6.0,7200.0,549.0
746,60,16.95,76.22288042313805,6.0,7200.0,553.0
747,63,6.03,0.22158519806160337,6.0,7200.0,8.0
748,47,27.73,106.30200891798799,6.0,7200.0,549.0
749,55,11.56,54.01746384272409,6.0,7200.0,549.0
750,56,16.93,76.08235735043968,6.0,7200.0,550.0
751,47,22.35,120.13295759282713,6.0,7200.0,1090.0
752,58,11.54,53.91872031122402,6.0,7200.0,548.0
753,61,6.07,0.40632499307820075,6.0,7200.0,9.0
754,46,22.29,120.09532005869333,6.0,7200.0,1090.0
755,45,6.04,0.27999999999999997,6.0,7200.0,8.0
756,64,11.45,53.82571411509559,6.0,7200.0,547.0
757,61,11.52,53.92114242113198,6.0,7200.0,548.0
758,51,11.51,53.92133065865492,6.0,7200.0,548.0
759,51,16.97,75.93516379122387,6.0,7200.0,549.0
760,56,27.77,106.29420068846653,6.0,7200.0,549.0
761,55,11.48,54.02323203955867,6.0,7200.0,549.0
762,60,27.72,131.01511973814317,6.0,7200.0,1090.0
763,69,11.45,54.12640298412598,6.0,7200.0,550.0
764,44,16.85,75.87863665090458,6.0,7200.0,548.0
765,47,16.91,108.05101526593815,6.0,7200.0,1092.0
766,54,27.75,106.34908321184533,6.0,7200.0,550.0
767,38,6.02,0.19899748742132398,6.0,7200.0,8.0
768,67,38.61,149.97359067515856,6.0,7200.0,1092.0
769,56,11.52,53.92225514571881,6.0,7200.0,548.0
770,64,27.8,106.44106350464561,6.0,7200.0,550.0
771,50,11.48,53.92299694935362,6.0,7200.0,548.0
772,58,11.52,54.120879519830424,6.0,7200.0,550.0
773,47,16.93,75.94079996944991,6.0,7200.0,551.0
774,49,17.01,76.14348232120723,6.0,7200.0,552.0
775,54,6.1,0.5385164807134505,6.0,7200.0,10.0
776,49,22.29,161.88250646688172,6.0,7200.0,1633.0
777,51,11.55,54.0174740246154,6.0,7200.0,549.0
778,53,6.04,0.2416609194718914,6.0,7200.0,8.0
779,43,6.06,0.3104834939252005,6.0,7200.0,8.0
780,51,16.89,76.15916162878897,6.0,7200.0,552.0
781,50,22.32,161.87963923854042,6.0,7200.0,1633.0
782,56,6.02,0.3458323293158118,5.0,6000.0,9.0
783,53,11.5,53.822021515361165,5.0,6000.0,547.0
784,61,11.49,54.22370238189201,5.0,6000.0,551.0
785,58,16.87,75.87643310013985,5.0,6000.0,548.0
786,58,22.23,92.4646802838792,5.0,6000.0,549.0
787,52,27.47,106.45923679981928,5.0,6000.0,551.0
788,55,16.15,107.82656212640741,5.0,6000.0,1089.0
789,61,21.37,92.73302054823839,5.0,6000.0,550.0
790,51,10.51,54.1214366032536,5.0,6000.0,549.0
791,49,5.1,0.5196152422706632,5.0,6000.0,9.0
792,58,5.03,0.2628687885618983,4.0,4800.0,7.0
793,54,21.28,120.45813214557165,4.0,4800.0,1093.0
794,62,15.67,75.90600173899294,4.0,4800.0,547.0
795,53,4.47,0.6550572494064928,4.0,4800.0,7.0
796,62,20.38,92.43773904634408,4.0,4800.0,546.0
797,62,4.1,0.479583152331272,4.0,4800.0,7.0
798,55,20.32,92.44835098583424,4.0,4800.0,546.0
799,53,14.93,76.01082225578146,4.0,4800.0,548.0
800,55,20.3,92.62726380499424,4.0,4800.0,548.0
801,52,14.88,75.94607033941912,4.0,4800.0,547.0
802,57,4.04,0.31368774282716244,4.0,4800.0,7.0
803,61,14.9,75.87285417064524,4.0,4800.0,548.0
804,60,9.47,54.024152931813774,4.0,4800.0,547.0
805,65,36.56,128.8342594188363,4.0,4800.0,548.0
806,42,31.18,118.24587772941604,4.0,4800.0,548.0
807,66,25.8,152.10042734982702,4.0,4800.0,1091.0
808,56,14.94,76.0098440993007,4.0,4800.0,548.0
809,57,9.44,54.0269044088221,4.0,4800.0,547.0
810,45,14.92,75.86931922720804,4.0,4800.0,546.0
811,63,14.96,76.07902733342482,4.0,4800.0,549.0
812,54,15.01,76.21436806796999,4.0,4800.0,549.0
813,58,31.17,118.24804903253164,4.0,4800.0,547.0
814,53,14.94,75.93837238182023,4.0,4800.0,547.0
815,48,9.42,53.92831909117881,4.0,4800.0,546.0
816,61,25.82,106.3865010233911,4.0,4800.0,549.0
817,60,14.87,76.01876807736363,4.0,4800.0,548.0
818,61,4.04,0.19595917942265426,4.0,4800.0,5.0
819,55,25.77,131.2553888417538,4.0,4800.0,1090.0
820,45,14.85,75.9500329163852,4.0,4800.0,547.0
821,54,4.01,0.09949874371066199,4.0,4800.0,5.0
822,49,9.43,53.92740583413966,4.0,4800.0,546.0
823,63,9.47,53.92410499952691,4.0,4800.0,546.0
824,46,9.48,54.424898713732105,4.0,4800.0,551.0
825,50,20.34,92.62086374030423,4.0,4800.0,549.0
826,56,9.51,54.021013504006014,4.0,4800.0,547.0
827,57,14.88,75.94607033941912,4.0,4800.0,547.0
828,58,9.51,54.021383729038256,4.0,4800.0,547.0
829,53,36.64,168.58128721776924,4.0,4800.0,1090.0
830,59,20.41,92.8436422163629,4.0,4800.0,550.0
831,49,14.9,75.87206336985967,4.0,4800.0,546.0
832,49,4.07,0.38091993909481814,4.0,4800.0,7.0
833,55,9.5,54.12254613375095,4.0,4800.0,548.0
834,53,31.19,141.14522273176658,4.0,4800.0,1091.0
835,53,9.48,53.92355329538288,4.0,4800.0,546.0
836,52,20.32,92.68267151954568,4.0,4800.0,549.0
837,61,9.5,54.0219399873792,4.0,4800.0,547.0
838,41,9.53,53.7184242136718,4.0,4800.0,544.0
839,48,20.31,92.62577341107605,3.0,3600.0,548.0
840,54,25.77,106.39603893002787,3.0,3600.0,548.0
841,50,4.0,0.2,3.0,3600.0,5.0
842,59,9.36,53.93561346642867,3.0,3600.0,546.0
843,44,9.28,54.04647629586964,3.0,3600.0,547.0
844,57,41.49,158.4609412442069,3.0,3600.0,1090.0
845,50,19.42,92.43107486121755,3.0,3600.0,545.0
846,52,3.07,0.3536947836765479,3.0,3600.0,6.0
847,69,24.81,131.1251078169242,3.0,3600.0,1088.0
848,49,35.66,150.1436125847517,3.0,3600.0,1090.0
849,50,8.5,53.92151704097354,3.0,3600.0,545.0
850,51,13.96,76.07810723197574,3.0,3600.0,547.0
851,55,24.75,106.34898918184413,3.0,3600.0,546.0
852,54,13.91,107.95073830224598,3.0,3600.0,1088.0
853,52,3.02,0.13999999999999999,3.0,3600.0,4.0
854,58,13.95,76.00886461459609,3.0,3600.0,547.0
855,48,8.5,54.02212509703779,3.0,3600.0,546.0
856,53,13.97,76.07765177764097,3.0,3600.0,547.0
857,55,3.08,0.4166533331199932,3.0,3600.0,6.0
858,52,19.31,120.13781211591957,3.0,3600.0,1087.0
859,53,19.34,92.62053983863407,3.0,3600.0,546.0
860,49,8.48,53.92392418954688,3.0,3600.0,545.0
861,54,19.31,92.62566544970137,3.0,3600.0,547.0
862,65,19.36,92.55890232711276,3.0,3600.0,546.0
863,52,35.68,185.4164437152218,3.0,3600.0,1633.0
864,60,13.98,76.00539191399514,3.0,3600.0,546.0
865,57,13.85,75.87863665090457,3.0,3600.0,545.0
866,66,3.03,0.2984962311319859,3.0,3600.0,6.0
867,59,30.17,118.43150383238408,3.0,3600.0,548.0
868,62,19.35,92.50193241224748,3.0,3600.0,546.0
869,47,8.49,53.92244337935738,3.0,3600.0,545.0
870,54,13.89,75.94470290941956,3.0,3600.0,546.0
871,56,8.56,54.01709359082551,3.0,3600.0,546.0
872,57,8.51,54.02138372903827,3.0,3600.0,546.0
873,63,13.9,76.01480119029453,3.0,3600.0,547.0
874,71,13.96,76.08007886431241,3.0,3600.0,548.0
875,55,30.2,140.98950315537684,3.0,3600.0,1088.0
876,63,13.94,76.0811172368019,3.0,3600.0,548.0
877,58,3.06,0.3411744421846396,3.0,3600.0,5.0
878,60,19.32,92.79955603342074,3.0,3600.0,548.0
879,54,8.5,54.12310042856008,3.0,3600.0,547.0
880,63,3.05,0.2958039891549808,3.0,3600.0,5.0
881,57,8.48,53.92336784734424,3.0,3600.0,545.0
882,48,8.47,54.02470823613954,3.0,3600.0,546.0
883,74,3.12,0.5878775382679627,3.0,3600.0,8.0
884,47,24.76,131.25708514209813,3.0,3600.0,1088.0
885,44,3.08,0.3919183588453085,3.0,3600.0,5.0
886,59,8.52,53.92002967358233,3.0,3600.0,545.0
887,45,8.5,54.32283129587411,3.0,3600.0,549.0
888,70,13.92,76.15466893106424,3.0,3600.0,548.0
889,54,19.28,120.1867779749503,3.0,3600.0,1088.0
890,55,8.58,54.01762305026019,3.0,3600.0,546.0
891,50,8.45,53.9257591508919,3.0,3600.0,545.0
892,60,3.1,0.5385164807134505,3.0,3600.0,7.0
893,57,30.24,140.94382710853282,2.0,2400.0,1088.0
894,47,13.85,75.95082290535106,2.0,2400.0,546.0
895,51,13.84,76.09621804005766,2.0,2400.0,547.0
896,43,13.66,75.90931695121488,2.0,2400.0,545.0
897,57,2.44,0.5885575587824864,2.0,2400.0,5.0
898,65,23.88,130.8656777004574,2.0,2400.0,1085.0
899,63,12.98,76.14669789294872,2.0,2400.0,546.0
900,59,12.93,76.01174317169686,2.0,2400.0,546.0
901,57,2.12,0.515363949069005,2.0,2400.0,5.0
902,51,2.04,0.2416609194718914,2.0,2400.0,4.0
903,66,23.75,131.3000666412626,2.0,2400.0,1090.0
904,58,18.31,120.36325809814217,2.0,2400.0,1088.0
905,45,7.52,54.02249161229053,2.0,2400.0,545.0
906,49,12.94,108.24923279173855,2.0,2400.0,1090.0
907,59,18.3,92.68597520660823,2.0,2400.0,547.0
908,48,12.83,75.81029679403716,2.0,2400.0,545.0
909,44,2.03,0.2215851980616034,2.0,2400.0,4.0
910,55,18.43,92.78149114990555,2.0,2400.0,547.0
911,53,40.03,158.36460810420996,2.0,2400.0,1088.0
912,51,2.01,0.09949874371066199,2.0,2400.0,3.0
913,64,7.47,54.024708236139546,2.0,2400.0,545.0
914,52,12.9,107.95151689531743,2.0,2400.0,1087.0
915,43,7.44,54.12750132788323,1.0,1200.0,546.0
916,67,12.85,76.0224144578426,1.0,1200.0,546.0
917,52,1.89,0.5458021619598076,1.0,1200.0,5.0
918,47,17.93,92.4594240734821,1.0,1200.0,544.0
919,58,23.05,106.49350919187516,1.0,1200.0,547.0
920,65,11.94,76.0091862869219,1.0,1200.0,544.0
921,49,6.51,54.02138372903826,1.0,1200.0,544.0
922,53,1.1,0.4358898943540674,1.0,1200.0,4.0
923,53,22.68,130.89750799766963,1.0,1200.0,1084.0
924,48,6.49,54.02267949667066,1.0,1200.0,544.0
925,50,6.45,53.92557371043911,1.0,1200.0,543.0
926,54,11.88,76.01740327056689,1.0,1200.0,545.0
927,44,11.91,76.08470214175777,1.0,1200.0,545.0
928,54,17.35,120.1778993825404,1.0,1200.0,1085.0
929,66,11.88,76.08893217807696,1.0,1200.0,546.0
930,57,22.79,106.44325201721341,1.0,1200.0,545.0
931,62,6.52,54.020825613831555,1.0,1200.0,544.0
932,55,6.45,53.9255737104391,1.0,1200.0,543.0
933,61,11.93,76.01082225578146,1.0,1200.0,545.0
934,48,6.54,54.01951869463484,1.0,1200.0,544.0
935,53,1.09,0.42649736224272244,1.0,1200.0,4.0
936,52,6.48,54.12420530594421,1.0,1200.0,545.0
937,53,6.48,54.224252876365185,1.0,1200.0,546.0
938,57,6.55,54.11790369184674,1.0,1200.0,545.0
939,50,6.48,53.92299694935362,1.0,1200.0,543.0
940,60,11.96,76.29205987519276,1.0,1200.0,546.0
941,48,11.92,76.01245687385719,1.0,1200.0,545.0
942,47,12.03,76.4984254739926,1.0,1200.0,551.0
943,42,1.06,0.31048349392520047,1.0,1200.0,3.0
944,45,11.89,76.08730446007402,1.0,1200.0,545.0
945,54,1.08,0.3655133376499413,1.0,1200.0,3.0
946,52,22.67,130.89927845484866,1.0,1200.0,1085.0
947,65,1.05,0.3570714214271424,1.0,1200.0,4.0
948,62,1.1,0.5000000000000001,1.0,1200.0,5.0
949,55,17.35,120.40335335861707,1.0,1200.0,1088.0
950,42,6.44,53.926676144557646,1.0,1200.0,543.0
951,47,6.48,54.02378735335017,1.0,1200.0,544.0
952,62,28.13,160.38844440919053,1.0,1200.0,1086.0
953,60,1.06,0.3104834939252005,1.0,1200.0,3.0
954,46,11.92,76.08346469503081,1.0,1200.0,545.0
955,46,1.04,0.24166091947189142,1.0,1200.0,3.0
956,62,11.94,76.15311155822852,1.0,1200.0,547.0
957,53,6.49,54.12383855566788,1.0,1200.0,545.0
958,50,6.47,53.92484677771465,1.0,1200.0,543.0
959,64,11.93,76.082094476953,1.0,1200.0,545.0
960,65,28.15,118.16093897731182,1.0,1200.0,544.0
961,56,44.51,147.32912101821555,1.0,1200.0,546.0
962,50,17.38,92.55536505249172,1.0,1200.0,545.0
963,60,6.55,54.118088473263725,1.0,1200.0,545.0
964,57,1.05,0.3278719262150999,1.0,1200.0,4.0
965,61,28.13,140.88702246835936,1.0,1200.0,1086.0
966,41,33.62,150.00765180483296,1.0,1200.0,1085.0
967,57,11.89,75.94470290941958,1.0,1200.0,544.0
968,61,6.49,54.02249438891176,1.0,1200.0,544.0
969,54,22.74,106.3001053621303,1.0,1200.0,544.0
970,62,1.07,0.3536947836765479,1.0,1200.0,3.0
971,63,22.76,131.1743968920764,1.0,1200.0,1086.0
972,55,17.38,92.96513109763252,1.0,1200.0,547.0
973,60,39.08,158.3193405746752,1.0,1200.0,1085.0
974,65,17.34,92.56189496763776,1.0,1200.0,544.0
975,59,11.94,75.93850406743601,1.0,1200.0,544.0
976,55,17.32,92.56531531842799,1.0,1200.0,545.0
977,52,1.07,0.3536947836765478,1.0,1200.0,4.0
978,46,39.09,158.38498003283016,1.0,1200.0,1086.0
979,46,6.44,53.92667614455763,1.0,1200.0,543.0
980,61,11.91,75.87135098309507,1.0,1200.0,543.0
981,54,6.44,54.0269044088221,1.0,1200.0,544.0
982,43,17.38,92.6726259474717,1.0,1200.0,546.0
983,62,6.53,54.22037532146011,1.0,1200.0,546.0
984,52,1.06,0.36932370625238786,1.0,1200.0,4.0
985,73,6.52,54.22074879600981,1.0,1200.0,546.0
986,67,22.81,106.38850454818886,1.0,1200.0,546.0
987,55,28.22,118.05418925222432,1.0,1200.0,544.0
988,64,11.97,107.94549133706325,1.0,1200.0,1086.0
989,46,11.98,76.21810546057937,1.0,1200.0,546.0
990,44,6.44,53.926676144557646,1.0,1200.0,543.0
991,61,1.05,0.2598076211353317,1.0,1200.0,3.0
992,52,6.43,53.92740583413965,1.0,1200.0,543.0
993,53,22.73,106.25100987755363,1.0,1200.0,544.0
994,43,6.5,53.922444306615034,1.0,1200.0,543.0
995,52,6.49,53.922443379357375,1.0,1200.0,543.0
996,44,11.93,76.08275165896673,1.0,1200.0,545.0
997,71,11.97,76.00545440953563,1.0,1200.0,544.0
998,49,11.9,75.9433341380269,1.0,1200.0,544.0
999,46,1.11,0.46679760067935233,1.0,1200.0,4.0
1000,52,6.46,54.12567228219897,1.0,1200.0,545.0
1001,60,1.04,0.24166091947189142,1.0,1200.0,3.0
1002,47,6.61,53.911945800536635,1.0,1200.0,543.0
1003,50,6.49,54.02267949667066,1.0,1200.0,544.0
1004,53,22.84,106.43370894599137,1.0,1200.0,546.0
1005,45,6.48,54.02360224938726,1.0,1200.0,544.0
1006,67,11.87,75.87603771942759,1.0,1200.0,543.0
1007,66,28.22,118.28284575541798,1.0,1200.0,545.0
1008,63,6.47,53.923919553385616,1.0,1200.0,543.0
1009,48,6.45,53.92557371043911,1.0,1200.0,543.0
1010,60,17.38,92.73087727396954,1.0,1200.0,545.0
1011,65,11.94,75.86762418845075,1.0,1200.0,543.0
1012,60,6.5,54.02175487708632,1.0,1200.0,544.0
1013,55,6.55,54.318758270048846,1.0,1200.0,547.0
1014,50,11.98,76.2184990668276,1.0,1200.0,547.0
1015,47,11.91,75.87082377304203,1.0,1200.0,543.0
